gain,estimator,trial,residual_var
0.0,x_only,0,0.8167393284214773
0.0,x_only,1,0.5763291135812663
0.0,x_only,2,0.21847790992429691
0.0,x_only,3,0.19088098908416792
0.0,x_only,4,0.25724139089964027
0.0,x_only,5,0.18508733816183226
0.0,x_only,6,0.6221844893557968
0.0,x_only,7,0.4801443957760129
0.0,x_only,8,0.46645304719506264
0.0,x_only,9,1.0825555423181665
0.0,x_only,10,0.20369875955754524
0.0,x_only,11,1.1675959110066836
0.0,x_only,12,0.22809947870267624
0.0,x_only,13,0.15374528284405214
0.0,x_only,14,0.4187894025292268
0.0,x_only,15,0.571998842962576
0.0,x_only,16,0.41364490530680487
0.0,x_only,17,0.15335236422413248
0.0,x_only,18,0.463561251805269
0.0,x_only,19,0.20520890011896928
0.0,x_only,20,0.34335101282457026
0.0,x_only,21,0.9398411647005369
0.0,x_only,22,0.48346150595772414
0.0,x_only,23,0.35958545162350175
0.0,x_only,24,0.7489804907854111
0.0,x_only,25,0.6156181083659344
0.0,x_only,26,0.17817764039222747
0.0,x_only,27,0.44370185446540394
0.0,x_only,28,0.7983269589816686
0.0,x_only,29,0.15813728017044384
0.0,x_only,30,0.46971655669970147
0.0,x_only,31,0.7381791975557807
0.0,x_only,32,0.18931538016988717
0.0,x_only,33,0.7671585954551339
0.0,x_only,34,0.347291135805677
0.0,x_only,35,0.24461704404082774
0.0,x_only,36,0.42751235004021615
0.0,x_only,37,0.3839175242768764
0.0,x_only,38,1.1831144372327258
0.0,x_only,39,0.31588948652389304
0.0,x_only,40,0.20746112000113634
0.0,x_only,41,0.28640769579936387
0.0,x_only,42,0.17170933342517342
0.0,x_only,43,0.33846720883679743
0.0,x_only,44,0.3421335065579244
0.0,x_only,45,0.8647762896763957
0.0,x_only,46,0.8887390014084428
0.0,x_only,47,0.42342628149216366
0.0,x_only,48,0.247365107176099
0.0,x_only,49,0.6610545974749583
0.0,x_only,50,0.40382823198692586
0.0,x_only,51,0.2805791624011431
0.0,x_only,52,1.1935247882537119
0.0,x_only,53,0.2928281877989811
0.0,x_only,54,0.9343464152693983
0.0,x_only,55,0.30103620675872267
0.0,x_only,56,0.5446964982167225
0.0,x_only,57,1.0122217167565477
0.0,x_only,58,0.13798420460722172
0.0,x_only,59,0.7473399708761501
0.0,xy,0,0.2713755711877575
0.0,xy,1,0.23239719069344794
0.0,xy,2,0.47508268455403735
0.0,xy,3,1.7333659608260508
0.0,xy,4,0.20070887619615033
0.0,xy,5,0.3003005105379132
0.0,xy,6,1.643357309814932
0.0,xy,7,0.3877748146117988
0.0,xy,8,0.4330088831444447
0.0,xy,9,0.5348345074157915
0.0,xy,10,0.7596730866069009
0.0,xy,11,0.3581187413316836
0.0,xy,12,0.1899914567616429
0.0,xy,13,0.4109356535111771
0.0,xy,14,0.40855512489004936
0.0,xy,15,0.36903096574363686
0.0,xy,16,0.43292475440163536
0.0,xy,17,1.639988633771038
0.0,xy,18,0.7857429224658535
0.0,xy,19,0.4728410679934772
0.0,xy,20,0.7942622448449105
0.0,xy,21,0.40858572944871324
0.0,xy,22,0.39721907899338194
0.0,xy,23,0.9396738654073392
0.0,xy,24,0.42452887643174364
0.0,xy,25,0.19868941619587088
0.0,xy,26,0.20836316351790563
0.0,xy,27,0.33807389810950655
0.0,xy,28,0.27003332470384683
0.0,xy,29,0.4211687507100316
0.0,xy,30,0.9645187394118991
0.0,xy,31,0.3830720039234113
0.0,xy,32,0.5604974609255948
0.0,xy,33,0.22661248402383444
0.0,xy,34,0.785414758192501
0.0,xy,35,0.3372615318443352
0.0,xy,36,0.8450787181573969
0.0,xy,37,0.21096099124838863
0.0,xy,38,0.38361553755822625
0.0,xy,39,0.28333564982276427
0.0,xy,40,0.3718291254012482
0.0,xy,41,0.9534346679527284
0.0,xy,42,0.26499445407627314
0.0,xy,43,0.37036246861424504
0.0,xy,44,0.22594545979478947
0.0,xy,45,1.4886706377902224
0.0,xy,46,0.3710242865778043
0.0,xy,47,0.16293711417921275
0.0,xy,48,0.30991103032170064
0.0,xy,49,0.28343262544507875
0.0,xy,50,1.4206964093279593
0.0,xy,51,0.83122609566693
0.0,xy,52,0.40840186086357094
0.0,xy,53,0.8851141231551946
0.0,xy,54,0.940720588480302
0.0,xy,55,0.22550032521922556
0.0,xy,56,0.5573057543434413
0.0,xy,57,1.1310502115662497
0.0,xy,58,0.7646127149004126
0.0,xy,59,0.71929606258931
0.2,x_only,0,0.2552342841408886
0.2,x_only,1,0.2410528623394777
0.2,x_only,2,0.3817856246128155
0.2,x_only,3,0.3961502549238367
0.2,x_only,4,0.4692959990503754
0.2,x_only,5,0.6121757544770843
0.2,x_only,6,0.298405356399906
0.2,x_only,7,0.6227703766275359
0.2,x_only,8,0.6566242484102642
0.2,x_only,9,0.2937104729329454
0.2,x_only,10,0.2774106592619116
0.2,x_only,11,0.23553366626486047
0.2,x_only,12,0.21756561166989546
0.2,x_only,13,0.6064397785023541
0.2,x_only,14,0.5819031326823554
0.2,x_only,15,0.23713770729512987
0.2,x_only,16,0.2515960006553319
0.2,x_only,17,0.16134343187858657
0.2,x_only,18,0.1743719652141757
0.2,x_only,19,0.30424039355725696
0.2,x_only,20,0.40835631765506264
0.2,x_only,21,0.5127922523211794
0.2,x_only,22,0.2060075593031227
0.2,x_only,23,0.5752184375718393
0.2,x_only,24,0.19493098037772932
0.2,x_only,25,0.2873304609869316
0.2,x_only,26,0.156190711162882
0.2,x_only,27,0.25437038392547184
0.2,x_only,28,0.6787702338154817
0.2,x_only,29,0.26974381796454794
0.2,x_only,30,0.12928318882567255
0.2,x_only,31,0.18271918454440483
0.2,x_only,32,0.2118304534875161
0.2,x_only,33,0.2339942125677856
0.2,x_only,34,0.5139951656116546
0.2,x_only,35,0.3327143588430948
0.2,x_only,36,0.14913936690013846
0.2,x_only,37,0.32028159904070586
0.2,x_only,38,0.37513070712615054
0.2,x_only,39,0.24284735259938997
0.2,x_only,40,0.36257144996703017
0.2,x_only,41,0.3774174159010315
0.2,x_only,42,0.2541272518280881
0.2,x_only,43,0.21329617895466252
0.2,x_only,44,0.6315905886822889
0.2,x_only,45,0.34075397337227387
0.2,x_only,46,0.7113530272931087
0.2,x_only,47,0.7881486194864408
0.2,x_only,48,0.4862311909537438
0.2,x_only,49,0.10918184033057685
0.2,x_only,50,0.25135102364653295
0.2,x_only,51,0.6123265017135292
0.2,x_only,52,0.26817324117695773
0.2,x_only,53,0.6010589337412771
0.2,x_only,54,0.3099280692173515
0.2,x_only,55,0.42903928641849487
0.2,x_only,56,0.25166405321662405
0.2,x_only,57,0.3953256859805034
0.2,x_only,58,0.14552906169749505
0.2,x_only,59,0.3541056695964007
0.2,xy,0,0.11439588669618596
0.2,xy,1,0.08524274649529358
0.2,xy,2,0.09622981728907072
0.2,xy,3,0.11878618761290903
0.2,xy,4,0.10409514803909305
0.2,xy,5,0.13189465215017437
0.2,xy,6,0.09065890740439198
0.2,xy,7,0.09261625861424136
0.2,xy,8,0.16008835163466645
0.2,xy,9,0.1002411730982772
0.2,xy,10,0.10881703294390195
0.2,xy,11,0.13938236077732566
0.2,xy,12,0.12451578440756877
0.2,xy,13,0.08008368604130345
0.2,xy,14,0.0884588020076809
0.2,xy,15,0.13656027501320475
0.2,xy,16,0.10597309111922856
0.2,xy,17,0.12958776273741723
0.2,xy,18,0.09193569095829517
0.2,xy,19,0.047217170732137284
0.2,xy,20,0.11323398310080857
0.2,xy,21,0.1436426684596643
0.2,xy,22,0.12032098734224136
0.2,xy,23,0.14268642780614943
0.2,xy,24,0.09288165368841686
0.2,xy,25,0.13394188825016623
0.2,xy,26,0.09513024514237774
0.2,xy,27,0.07973225579141324
0.2,xy,28,0.1521898966793126
0.2,xy,29,0.10222531280282172
0.2,xy,30,0.09362492450675257
0.2,xy,31,0.13394843339962556
0.2,xy,32,0.10180047986842788
0.2,xy,33,0.0954948519426617
0.2,xy,34,0.10728493107184028
0.2,xy,35,0.11893430020679148
0.2,xy,36,0.14691469428333148
0.2,xy,37,0.15148905911224403
0.2,xy,38,0.10900887950177676
0.2,xy,39,0.1440950881775029
0.2,xy,40,0.07672703969376918
0.2,xy,41,0.08062090802004429
0.2,xy,42,0.07068147809888639
0.2,xy,43,0.12277115247028782
0.2,xy,44,0.06535290956796239
0.2,xy,45,0.11023874797364976
0.2,xy,46,0.1569674887197441
0.2,xy,47,0.08447859071707932
0.2,xy,48,0.10893464395717416
0.2,xy,49,0.08280569171830614
0.2,xy,50,0.11135153432507151
0.2,xy,51,0.1013260242355868
0.2,xy,52,0.09260060502086871
0.2,xy,53,0.1522183834132905
0.2,xy,54,0.1602944518811145
0.2,xy,55,0.13065875019809056
0.2,xy,56,0.10990061092183329
0.2,xy,57,0.11175404234379632
0.2,xy,58,0.14938265368411152
0.2,xy,59,0.12922167456639883
0.4,x_only,0,0.2519806823228769
0.4,x_only,1,0.35204080801435317
0.4,x_only,2,0.1838980821485017
0.4,x_only,3,0.13509183456321308
0.4,x_only,4,0.21367775420769686
0.4,x_only,5,0.184389907653812
0.4,x_only,6,0.3030204639289128
0.4,x_only,7,0.17803181994519082
0.4,x_only,8,0.3691178278827034
0.4,x_only,9,0.23973616236518897
0.4,x_only,10,0.1951358355601979
0.4,x_only,11,0.5865512547831851
0.4,x_only,12,0.297594764556724
0.4,x_only,13,0.7473791911121695
0.4,x_only,14,0.43238184699769705
0.4,x_only,15,0.20505695037115845
0.4,x_only,16,0.25819467458400475
0.4,x_only,17,0.608472172849228
0.4,x_only,18,0.1639852464218319
0.4,x_only,19,0.6705534191221539
0.4,x_only,20,0.3992627540456482
0.4,x_only,21,0.48669571033269804
0.4,x_only,22,0.37099148999622933
0.4,x_only,23,0.29455754515641897
0.4,x_only,24,0.38134318091797553
0.4,x_only,25,0.3927092157013756
0.4,x_only,26,0.46317797766033864
0.4,x_only,27,0.21781766969724894
0.4,x_only,28,0.7392333279459332
0.4,x_only,29,0.358988593866457
0.4,x_only,30,0.6459218127155906
0.4,x_only,31,0.1709449833546196
0.4,x_only,32,0.23347039024029934
0.4,x_only,33,0.26713216871254497
0.4,x_only,34,0.20296093438564586
0.4,x_only,35,0.6421597171031208
0.4,x_only,36,0.1736954342327796
0.4,x_only,37,0.20283754363103704
0.4,x_only,38,0.5877305272610829
0.4,x_only,39,0.14141846914800751
0.4,x_only,40,0.2531687769079582
0.4,x_only,41,0.32933859225031337
0.4,x_only,42,0.5544636509542119
0.4,x_only,43,0.4518355080058569
0.4,x_only,44,0.27484964252366545
0.4,x_only,45,0.585320774748253
0.4,x_only,46,0.4891271006954118
0.4,x_only,47,0.22424263776336165
0.4,x_only,48,0.36586403105147075
0.4,x_only,49,0.22650669922536007
0.4,x_only,50,0.42512390854378934
0.4,x_only,51,0.3943564973222691
0.4,x_only,52,0.25765961492350997
0.4,x_only,53,0.2198904351962805
0.4,x_only,54,0.427201954186552
0.4,x_only,55,0.28196972458748903
0.4,x_only,56,0.3874490768652744
0.4,x_only,57,0.316781454037928
0.4,x_only,58,0.3301518491758075
0.4,x_only,59,0.5852456714433294
0.4,xy,0,0.10047612782045906
0.4,xy,1,0.0728906666702416
0.4,xy,2,0.06800572838281876
0.4,xy,3,0.11488650938513396
0.4,xy,4,0.07071169591029153
0.4,xy,5,0.07981198798702983
0.4,xy,6,0.0645334526273003
0.4,xy,7,0.06958016162081838
0.4,xy,8,0.09394205893441773
0.4,xy,9,0.0798786238534994
0.4,xy,10,0.07553024103601354
0.4,xy,11,0.07963536318080325
0.4,xy,12,0.08157720902018024
0.4,xy,13,0.056336438591598
0.4,xy,14,0.06696450314430326
0.4,xy,15,0.0851777902220868
0.4,xy,16,0.06893530525559143
0.4,xy,17,0.0607428974930633
0.4,xy,18,0.09325057577647193
0.4,xy,19,0.0526678347976544
0.4,xy,20,0.08367728526412727
0.4,xy,21,0.07768105263570682
0.4,xy,22,0.07630707267720829
0.4,xy,23,0.07655875780989434
0.4,xy,24,0.11438465587109108
0.4,xy,25,0.06568264347681628
0.4,xy,26,0.08259134448266633
0.4,xy,27,0.06495561042774464
0.4,xy,28,0.09063136084507123
0.4,xy,29,0.05842865206885677
0.4,xy,30,0.047931238414820235
0.4,xy,31,0.08932450654247717
0.4,xy,32,0.07606436535649082
0.4,xy,33,0.11148672866468083
0.4,xy,34,0.0670832305550691
0.4,xy,35,0.09770574949774201
0.4,xy,36,0.11654747056444031
0.4,xy,37,0.0818167458550823
0.4,xy,38,0.08722970203520228
0.4,xy,39,0.07842540289710735
0.4,xy,40,0.09476147540488711
0.4,xy,41,0.11496417588727459
0.4,xy,42,0.08359085957782579
0.4,xy,43,0.06906653680735238
0.4,xy,44,0.06385637399907065
0.4,xy,45,0.10489256324983852
0.4,xy,46,0.09553815847000861
0.4,xy,47,0.07345275244128749
0.4,xy,48,0.11744720155304254
0.4,xy,49,0.08773995569470332
0.4,xy,50,0.08577956613265067
0.4,xy,51,0.06876090813641514
0.4,xy,52,0.08410282096248446
0.4,xy,53,0.0689027401871532
0.4,xy,54,0.12452293068031092
0.4,xy,55,0.11547018813273642
0.4,xy,56,0.13206846171188963
0.4,xy,57,0.07223992400083566
0.4,xy,58,0.06893667680309665
0.4,xy,59,0.05801407700627728
0.6,x_only,0,0.28357340871406556
0.6,x_only,1,0.5111213861632895
0.6,x_only,2,0.30011227788201705
0.6,x_only,3,0.5540934883462942
0.6,x_only,4,0.17123165434496102
0.6,x_only,5,0.22093773661854
0.6,x_only,6,0.29148951564093123
0.6,x_only,7,0.2923390697524573
0.6,x_only,8,0.3843019677317261
0.6,x_only,9,0.30288871496255537
0.6,x_only,10,0.1990688967132618
0.6,x_only,11,0.24238794504484898
0.6,x_only,12,0.25620387078843604
0.6,x_only,13,0.3586549336018095
0.6,x_only,14,0.23063195726343091
0.6,x_only,15,0.18286312057115425
0.6,x_only,16,0.2535508977128462
0.6,x_only,17,0.4074951479678227
0.6,x_only,18,0.6441145369388365
0.6,x_only,19,0.22644448094619118
0.6,x_only,20,0.17615843013455532
0.6,x_only,21,0.3018431496390516
0.6,x_only,22,0.28899103258142045
0.6,x_only,23,0.27037989690569075
0.6,x_only,24,0.2829135684990869
0.6,x_only,25,0.19060187277294585
0.6,x_only,26,0.12767775113357024
0.6,x_only,27,0.31538864948820594
0.6,x_only,28,0.3513238632228574
0.6,x_only,29,0.2978655671553952
0.6,x_only,30,0.3656999119848964
0.6,x_only,31,0.41582969528847535
0.6,x_only,32,0.3098054550060161
0.6,x_only,33,0.1887666636765444
0.6,x_only,34,0.45080614893396664
0.6,x_only,35,0.3880932633801858
0.6,x_only,36,0.20957835019837506
0.6,x_only,37,0.28330255532321713
0.6,x_only,38,0.13164301650383292
0.6,x_only,39,0.43342254579365525
0.6,x_only,40,0.42086765353896466
0.6,x_only,41,0.3098187816781072
0.6,x_only,42,0.5115386760552827
0.6,x_only,43,0.21758255697939424
0.6,x_only,44,0.25572058779748913
0.6,x_only,45,0.21709499813001593
0.6,x_only,46,0.3138977610869804
0.6,x_only,47,0.14017642227762186
0.6,x_only,48,0.31789095723924476
0.6,x_only,49,0.1830905065844961
0.6,x_only,50,0.25715571303346524
0.6,x_only,51,0.24401468972204093
0.6,x_only,52,0.3257603597255362
0.6,x_only,53,0.33072016499506374
0.6,x_only,54,0.5240343243455593
0.6,x_only,55,0.2394622430449404
0.6,x_only,56,0.1250027283827714
0.6,x_only,57,0.4128084314365518
0.6,x_only,58,0.27551187063935134
0.6,x_only,59,0.32393982281561023
0.6,xy,0,0.08172431082558139
0.6,xy,1,0.0523689180935603
0.6,xy,2,0.05752685724292027
0.6,xy,3,0.08540753386670344
0.6,xy,4,0.07731670932738983
0.6,xy,5,0.06375939016798247
0.6,xy,6,0.06228993379079408
0.6,xy,7,0.0641323500926653
0.6,xy,8,0.09714435279491668
0.6,xy,9,0.06279728304955161
0.6,xy,10,0.09735200458887691
0.6,xy,11,0.09828262154527509
0.6,xy,12,0.09223869430168684
0.6,xy,13,0.053598302049894436
0.6,xy,14,0.07042553529316214
0.6,xy,15,0.05909004655230821
0.6,xy,16,0.07992432535965112
0.6,xy,17,0.0826650251926838
0.6,xy,18,0.10114081698171205
0.6,xy,19,0.08782222566489788
0.6,xy,20,0.09239800092181726
0.6,xy,21,0.09518268708008187
0.6,xy,22,0.11860121469084937
0.6,xy,23,0.07338290758319684
0.6,xy,24,0.06585361971467571
0.6,xy,25,0.07596831571315925
0.6,xy,26,0.06458587174011701
0.6,xy,27,0.06975907973546155
0.6,xy,28,0.04878973073729332
0.6,xy,29,0.07215436048608569
0.6,xy,30,0.10197654116606866
0.6,xy,31,0.08897833608069598
0.6,xy,32,0.06212400933127477
0.6,xy,33,0.0540110931296577
0.6,xy,34,0.07388954062078203
0.6,xy,35,0.06384870531577326
0.6,xy,36,0.07350808540767335
0.6,xy,37,0.06108151948904528
0.6,xy,38,0.07848984908136565
0.6,xy,39,0.07945767406942766
0.6,xy,40,0.06793526293283385
0.6,xy,41,0.08296600103292899
0.6,xy,42,0.09377283242296813
0.6,xy,43,0.05724503430836167
0.6,xy,44,0.0849037410311257
0.6,xy,45,0.0929174885858485
0.6,xy,46,0.06668407146280998
0.6,xy,47,0.05995084928245216
0.6,xy,48,0.06999942856394226
0.6,xy,49,0.07782352014893228
0.6,xy,50,0.06459479470759015
0.6,xy,51,0.07123345385757589
0.6,xy,52,0.08377965336647457
0.6,xy,53,0.07059634828404854
0.6,xy,54,0.07941118712176679
0.6,xy,55,0.054388312968308955
0.6,xy,56,0.07060450864394387
0.6,xy,57,0.07052798174792774
0.6,xy,58,0.08146757969720914
0.6,xy,59,0.08024431004716309
0.8,x_only,0,0.2787912843910058
0.8,x_only,1,0.3338912691441792
0.8,x_only,2,0.12450683227320178
0.8,x_only,3,0.19434588746949666
0.8,x_only,4,0.16942746170343934
0.8,x_only,5,0.5170718550410452
0.8,x_only,6,0.2096188335690602
0.8,x_only,7,0.21490048322742605
0.8,x_only,8,0.26676553767429384
0.8,x_only,9,0.3296142899527679
0.8,x_only,10,0.3583037212022217
0.8,x_only,11,0.49985697581714716
0.8,x_only,12,0.2772294716036108
0.8,x_only,13,0.27404521492170003
0.8,x_only,14,0.16744423877132128
0.8,x_only,15,0.14384149928363268
0.8,x_only,16,0.32589937001152086
0.8,x_only,17,0.1609295489565603
0.8,x_only,18,0.1750266061266936
0.8,x_only,19,0.22371779063864358
0.8,x_only,20,0.1893791436672528
0.8,x_only,21,0.34417517228274613
0.8,x_only,22,0.12902421616856594
0.8,x_only,23,0.2792677812148137
0.8,x_only,24,0.17484093563428676
0.8,x_only,25,0.340941529889028
0.8,x_only,26,0.23151770824872794
0.8,x_only,27,0.2602461020096267
0.8,x_only,28,0.16647806588213185
0.8,x_only,29,0.21979592555847405
0.8,x_only,30,0.21497087653211305
0.8,x_only,31,0.4442529500480283
0.8,x_only,32,0.1416337641787303
0.8,x_only,33,0.31214604031848003
0.8,x_only,34,0.15204919404261727
0.8,x_only,35,0.25007821735017194
0.8,x_only,36,0.15061699442537446
0.8,x_only,37,0.2654544754325558
0.8,x_only,38,0.37221055616273546
0.8,x_only,39,0.2446614276872713
0.8,x_only,40,0.31642303204266253
0.8,x_only,41,0.1711781154797014
0.8,x_only,42,0.2030905478658452
0.8,x_only,43,0.16294318208403774
0.8,x_only,44,0.15347023987353997
0.8,x_only,45,0.28648553142622335
0.8,x_only,46,0.21212352391847433
0.8,x_only,47,0.16564397450215096
0.8,x_only,48,0.3843736829966927
0.8,x_only,49,0.30050154018540387
0.8,x_only,50,0.37904279251589507
0.8,x_only,51,0.2352090764299294
0.8,x_only,52,0.3633618247174473
0.8,x_only,53,0.24004230909572388
0.8,x_only,54,0.30236331618580303
0.8,x_only,55,0.24626996373717464
0.8,x_only,56,0.283388341928636
0.8,x_only,57,0.2861566372685743
0.8,x_only,58,0.28425656376823155
0.8,x_only,59,0.3128028770071577
0.8,xy,0,0.061462505860156974
0.8,xy,1,0.05432370139581013
0.8,xy,2,0.09127705060395258
0.8,xy,3,0.08668953261093788
0.8,xy,4,0.04847251469029528
0.8,xy,5,0.07102315718286176
0.8,xy,6,0.0706160091045625
0.8,xy,7,0.059476947587161225
0.8,xy,8,0.0786150539950736
0.8,xy,9,0.11378793574311935
0.8,xy,10,0.07932775130503739
0.8,xy,11,0.0716353407601161
0.8,xy,12,0.05213631700245852
0.8,xy,13,0.08349452546400188
0.8,xy,14,0.09101572892378895
0.8,xy,15,0.08543530200140091
0.8,xy,16,0.0818075329597808
0.8,xy,17,0.07999861334441181
0.8,xy,18,0.10296912202025772
0.8,xy,19,0.053991041144621194
0.8,xy,20,0.08718662599832099
0.8,xy,21,0.05889003230189391
0.8,xy,22,0.06043416733514837
0.8,xy,23,0.056466252888706894
0.8,xy,24,0.06973796430658769
0.8,xy,25,0.07742173743793099
0.8,xy,26,0.055784372134503525
0.8,xy,27,0.0692537153587821
0.8,xy,28,0.08588994684966147
0.8,xy,29,0.0821455333807613
0.8,xy,30,0.09589445823172767
0.8,xy,31,0.05416562002734213
0.8,xy,32,0.06104316181804639
0.8,xy,33,0.07457023047756635
0.8,xy,34,0.07901068533572547
0.8,xy,35,0.09543539741505447
0.8,xy,36,0.07649426860576974
0.8,xy,37,0.07459841167695289
0.8,xy,38,0.06830446735138893
0.8,xy,39,0.09210479963372292
0.8,xy,40,0.06646595734369173
0.8,xy,41,0.06792211535037355
0.8,xy,42,0.050401665203434434
0.8,xy,43,0.06828952466345055
0.8,xy,44,0.061461268384160966
0.8,xy,45,0.04685304332417057
0.8,xy,46,0.06140224820020568
0.8,xy,47,0.04665923326528874
0.8,xy,48,0.06238739354784587
0.8,xy,49,0.06297952838892709
0.8,xy,50,0.058985394991531395
0.8,xy,51,0.07031151335450936
0.8,xy,52,0.10770445722770647
0.8,xy,53,0.07501947914875111
0.8,xy,54,0.11256066306428078
0.8,xy,55,0.09215050950399385
0.8,xy,56,0.06644324527370186
0.8,xy,57,0.06932323513667848
0.8,xy,58,0.08660440958077827
0.8,xy,59,0.0631763519818827
1.0,x_only,0,0.1940955742413033
1.0,x_only,1,0.193319464206577
1.0,x_only,2,0.19743722770835417
1.0,x_only,3,0.14198579748727655
1.0,x_only,4,0.35299108386012823
1.0,x_only,5,0.23776327796121513
1.0,x_only,6,0.22726974573875539
1.0,x_only,7,0.2298458767788703
1.0,x_only,8,0.154646018260425
1.0,x_only,9,0.2370161110337821
1.0,x_only,10,0.24376569040091453
1.0,x_only,11,0.12283341065239944
1.0,x_only,12,0.21979608549067287
1.0,x_only,13,0.19911195071367024
1.0,x_only,14,0.15246685831661566
1.0,x_only,15,0.1470181311021957
1.0,x_only,16,0.20971268667724385
1.0,x_only,17,0.2629851398272237
1.0,x_only,18,0.2012097634908585
1.0,x_only,19,0.1707592936874078
1.0,x_only,20,0.3379280603384994
1.0,x_only,21,0.3491723811909221
1.0,x_only,22,0.22516347103251072
1.0,x_only,23,0.22217520508776634
1.0,x_only,24,0.21288908543336174
1.0,x_only,25,0.2867227188562866
1.0,x_only,26,0.14815702096638994
1.0,x_only,27,0.1879863149036077
1.0,x_only,28,0.1518494887394695
1.0,x_only,29,0.30164271767039064
1.0,x_only,30,0.18186486426391404
1.0,x_only,31,0.20896875302678508
1.0,x_only,32,0.23944524703134362
1.0,x_only,33,0.20826377831197523
1.0,x_only,34,0.24459031918305096
1.0,x_only,35,0.07798349905759937
1.0,x_only,36,0.22726245907009812
1.0,x_only,37,0.29345801247778763
1.0,x_only,38,0.0937447086979135
1.0,x_only,39,0.16965712701945548
1.0,x_only,40,0.16678054763564526
1.0,x_only,41,0.19902868461047465
1.0,x_only,42,0.2574362256387555
1.0,x_only,43,0.18816997735303015
1.0,x_only,44,0.24713960141307126
1.0,x_only,45,0.16458552193423992
1.0,x_only,46,0.08165761424972862
1.0,x_only,47,0.21623200520492009
1.0,x_only,48,0.2217082819494569
1.0,x_only,49,0.2358780051481867
1.0,x_only,50,0.31458929153309007
1.0,x_only,51,0.15003328982811565
1.0,x_only,52,0.27126594181361946
1.0,x_only,53,0.22578470504111448
1.0,x_only,54,0.26494358703981463
1.0,x_only,55,0.21381987119528276
1.0,x_only,56,0.2038315560752025
1.0,x_only,57,0.1936702524855418
1.0,x_only,58,0.49022633425999146
1.0,x_only,59,0.22946138518889345
1.0,xy,0,0.08500296309108245
1.0,xy,1,0.07435489134606535
1.0,xy,2,0.04951693803234973
1.0,xy,3,0.04432535687259062
1.0,xy,4,0.04987719289110538
1.0,xy,5,0.06332470014727938
1.0,xy,6,0.04114597120761652
1.0,xy,7,0.09731314616597515
1.0,xy,8,0.060194114202418644
1.0,xy,9,0.05351743165346742
1.0,xy,10,0.09803613926217969
1.0,xy,11,0.05633204839851502
1.0,xy,12,0.07823440885490261
1.0,xy,13,0.05307493754817672
1.0,xy,14,0.07663103605790872
1.0,xy,15,0.08050855231264314
1.0,xy,16,0.05372087635171036
1.0,xy,17,0.09576190686268131
1.0,xy,18,0.0768787090780853
1.0,xy,19,0.06750893549359892
1.0,xy,20,0.06796521577075232
1.0,xy,21,0.07230388747893766
1.0,xy,22,0.06491594110659418
1.0,xy,23,0.06409370744785388
1.0,xy,24,0.06226418384988838
1.0,xy,25,0.07324458775824966
1.0,xy,26,0.07313111833167867
1.0,xy,27,0.07630169990305916
1.0,xy,28,0.05805416025679894
1.0,xy,29,0.06823414337014383
1.0,xy,30,0.045230397149593767
1.0,xy,31,0.09883476805947844
1.0,xy,32,0.06967830389774779
1.0,xy,33,0.054190470992046685
1.0,xy,34,0.07675469632500788
1.0,xy,35,0.0628263534952535
1.0,xy,36,0.053195989750373956
1.0,xy,37,0.050654722165157554
1.0,xy,38,0.06377030898508827
1.0,xy,39,0.055269542341089724
1.0,xy,40,0.06851529957618827
1.0,xy,41,0.05942911504008596
1.0,xy,42,0.042399655941922285
1.0,xy,43,0.043191598094405766
1.0,xy,44,0.07303683694703816
1.0,xy,45,0.06408962291495934
1.0,xy,46,0.08989108293377242
1.0,xy,47,0.05800916798298917
1.0,xy,48,0.06350843514438988
1.0,xy,49,0.0686535943613445
1.0,xy,50,0.06924789290936069
1.0,xy,51,0.048403558778687156
1.0,xy,52,0.05251505552792495
1.0,xy,53,0.04260126181124369
1.0,xy,54,0.06370118571520078
1.0,xy,55,0.047707470234777005
1.0,xy,56,0.07543220708796108
1.0,xy,57,0.05532751098428559
1.0,xy,58,0.05058245285172955
1.0,xy,59,0.06326699308292781
1.5,x_only,0,0.28946435051015984
1.5,x_only,1,0.09719230133283702
1.5,x_only,2,0.1739808934460332
1.5,x_only,3,0.09384901141855112
1.5,x_only,4,0.11243759625972925
1.5,x_only,5,0.35529728235246516
1.5,x_only,6,0.16498723187437087
1.5,x_only,7,0.18178203711329188
1.5,x_only,8,0.16566334387543752
1.5,x_only,9,0.19029701926353185
1.5,x_only,10,0.1090708048880022
1.5,x_only,11,0.20574922837904253
1.5,x_only,12,0.2986657100589103
1.5,x_only,13,0.1965056566397007
1.5,x_only,14,0.20971432625968933
1.5,x_only,15,0.24455956310113935
1.5,x_only,16,0.21978705630289813
1.5,x_only,17,0.1694721079143648
1.5,x_only,18,0.2090408258456322
1.5,x_only,19,0.14977689590975551
1.5,x_only,20,0.22077173057960228
1.5,x_only,21,0.16011704179132039
1.5,x_only,22,0.18349769782331055
1.5,x_only,23,0.2590926876571923
1.5,x_only,24,0.17463093200320665
1.5,x_only,25,0.2699285611955912
1.5,x_only,26,0.2374074740384064
1.5,x_only,27,0.1894802767568169
1.5,x_only,28,0.15168731211829778
1.5,x_only,29,0.31652515063288855
1.5,x_only,30,0.20282808177848743
1.5,x_only,31,0.22864007227694372
1.5,x_only,32,0.14882459189088548
1.5,x_only,33,0.20145884886663865
1.5,x_only,34,0.19714715829375976
1.5,x_only,35,0.1850919546728777
1.5,x_only,36,0.26501458047730436
1.5,x_only,37,0.2658319572864536
1.5,x_only,38,0.19426047169833674
1.5,x_only,39,0.14720102791883083
1.5,x_only,40,0.308832634890506
1.5,x_only,41,0.19810049868900076
1.5,x_only,42,0.17661788430095718
1.5,x_only,43,0.14882160015045737
1.5,x_only,44,0.2842440238121099
1.5,x_only,45,0.15408851030492773
1.5,x_only,46,0.262251208426071
1.5,x_only,47,0.24921620662063784
1.5,x_only,48,0.23442007193202155
1.5,x_only,49,0.17735620217665068
1.5,x_only,50,0.20507376524443316
1.5,x_only,51,0.29821137423274524
1.5,x_only,52,0.22790003226372849
1.5,x_only,53,0.1823756603198313
1.5,x_only,54,0.1305491970768605
1.5,x_only,55,0.09184671156044916
1.5,x_only,56,0.26421399884685126
1.5,x_only,57,0.16677719370667163
1.5,x_only,58,0.2548986251117218
1.5,x_only,59,0.16228224701156566
1.5,xy,0,0.08604995302314596
1.5,xy,1,0.07928401228875151
1.5,xy,2,0.08932675322465318
1.5,xy,3,0.07286788723959944
1.5,xy,4,0.06840861562180965
1.5,xy,5,0.10421552062791745
1.5,xy,6,0.09158983770832985
1.5,xy,7,0.07784805743512936
1.5,xy,8,0.05627165803704332
1.5,xy,9,0.09169410036449133
1.5,xy,10,0.11003428049010944
1.5,xy,11,0.06436155816677548
1.5,xy,12,0.06696731660269212
1.5,xy,13,0.05449373421732643
1.5,xy,14,0.07627544963593348
1.5,xy,15,0.06822023583828041
1.5,xy,16,0.07478951694278986
1.5,xy,17,0.06484225488106161
1.5,xy,18,0.09582949184330523
1.5,xy,19,0.10023485112605995
1.5,xy,20,0.11025198038613125
1.5,xy,21,0.09028552790686081
1.5,xy,22,0.07145115295469498
1.5,xy,23,0.10327733037058735
1.5,xy,24,0.05789515892162882
1.5,xy,25,0.07360573456765798
1.5,xy,26,0.1041198377007003
1.5,xy,27,0.06671050117215556
1.5,xy,28,0.06894142480097377
1.5,xy,29,0.06830525322679089
1.5,xy,30,0.07741869551906183
1.5,xy,31,0.07134364495504937
1.5,xy,32,0.076663190853671
1.5,xy,33,0.08349552490254836
1.5,xy,34,0.06232550954430196
1.5,xy,35,0.06639648652961858
1.5,xy,36,0.06358553205390373
1.5,xy,37,0.07042692919906907
1.5,xy,38,0.07824110541700778
1.5,xy,39,0.05295598322055191
1.5,xy,40,0.06915042036121526
1.5,xy,41,0.08165621484112356
1.5,xy,42,0.0680196289815267
1.5,xy,43,0.124983155657185
1.5,xy,44,0.08886584509221812
1.5,xy,45,0.0792476565784909
1.5,xy,46,0.10728906673931674
1.5,xy,47,0.07157971971323923
1.5,xy,48,0.08422254938991164
1.5,xy,49,0.06975603418209353
1.5,xy,50,0.05453574320961249
1.5,xy,51,0.05692715114263993
1.5,xy,52,0.13753505598450746
1.5,xy,53,0.06972680279900026
1.5,xy,54,0.09335204213561911
1.5,xy,55,0.056530178310897794
1.5,xy,56,0.07857762975902995
1.5,xy,57,0.08566978676137732
1.5,xy,58,0.08249475351364877
1.5,xy,59,0.08784041928074625
